{"id":"7418313217375489286320647136587891","per_fps":[{"second":33.0,"fps":18.0},{"second":34.0,"fps":24.0},{"second":35.0,"fps":26.0},{"second":36.0,"fps":28.0},{"second":37.0,"fps":26.0},{"second":38.0,"fps":27.0},{"second":39.0,"fps":32.0},{"second":40.0,"fps":30.0},{"second":41.0,"fps":28.0},{"second":42.0,"fps":30.0},{"second":43.0,"fps":26.0},{"second":44.0,"fps":27.0},{"second":45.0,"fps":31.0},{"second":46.0,"fps":29.0},{"second":47.0,"fps":31.0},{"second":48.0,"fps":32.0},{"second":49.0,"fps":33.0},{"second":50.0,"fps":27.0},{"second":51.0,"fps":25.0},{"second":52.0,"fps":29.0},{"second":0.0,"fps":39.0},{"second":1.0,"fps":22.0},{"second":2.0,"fps":27.0},{"second":3.0,"fps":27.0}],"per_java_memory":[{"second":33,"memory":93},{"second":38,"memory":93},{"second":43,"memory":87},{"second":48,"memory":84},{"second":0,"memory":100}],"per_native_memory":[{"second":33,"memory":317},{"second":38,"memory":321},{"second":43,"memory":321},{"second":48,"memory":321},{"second":0,"memory":325}],"per_memory":[{"second":33,"memory":410},{"second":38,"memory":414},{"second":43,"memory":408},{"second":48,"memory":405},{"second":0,"memory":425}],"per_source_file":null,"per_file_info":null}