{"canvas_config":{"background":null,"height":540,"ratio":"original","width":304},"color_space":-1,"config":{"adjust_max_index":1,"attachment_info":[],"combination_max_index":1,"export_range":null,"extract_audio_last_index":1,"lyrics_recognition_id":"","lyrics_sync":true,"lyrics_taskinfo":[],"maintrack_adsorb":true,"material_save_mode":0,"multi_language_current":"none","multi_language_list":[],"multi_language_main":"none","multi_language_mode":"none","original_sound_last_index":1,"record_audio_last_index":1,"sticker_max_index":1,"subtitle_keywords_config":null,"subtitle_recognition_id":"","subtitle_sync":true,"subtitle_taskinfo":[],"system_font_list":[],"video_mute":false,"zoom_info_params":null},"cover":null,"create_time":1730824792831,"duration":3000000,"extra_info":{"subtitle_fragment_info_list":[],"text_to_video":null,"track_info":{"is_start_from_text":false,"smart_match_type":0,"split_screen_info":{"collage_quantity":0,"model_id":"","ratio":""},"subtitle_batch_editing_info":{"has_subtitle_batch_edit_detail":false},"template_id":"","transfer_paths":["edit"],"tutorial_info":{"edit_method":"edit"}}},"fps":30,"free_render_index_mode_on":false,"group_container":null,"id":"STFM4HTC-PQ7S-RH7Q-JAJ6-K6G0N6SXZ8MP","is_drop_frame_timecode":false,"keyframe_graph_list":[],"keyframes":{"adjusts":[],"audios":[],"effects":[],"filters":[],"handwrites":[],"stickers":[],"texts":[],"videos":[]},"last_modified_platform":{"app_id":3006,"app_source":"cc","app_version":"13.0.0","device_id":"","hard_disk_id":"","mac_address":"","os":"Android","os_version":"30"},"lyrics_effects":[],"materials":{"adjust_masks":[],"ai_translates":[],"audio_balances":[],"audio_effects":[],"audio_fades":[],"audio_track_indexes":[],"audios":[],"beats":[],"canvases":[{"album_image":"","blur":0,"color":"","id":"ULO01APU-MNUQ-57AZ-IUYC-KQXXI6H0WPYJ","image":"","image_id":"","image_name":"","source_platform":0,"team_id":"","type":"canvas_color"}],"chromas":[],"color_curves":[],"digital_humans":[],"drafts":[],"effects":[],"flowers":[],"green_screens":[],"handwrites":[],"hsl":[],"images":[],"log_color_wheels":[],"loudnesses":[],"manual_deformations":[],"masks":[],"material_animations":[],"material_colors":[],"multi_language_refs":[],"placeholders":[],"plugin_effects":[],"primary_color_wheels":[],"realtime_denoises":[],"shapes":[],"smart_crops":[],"smart_relights":[],"sound_channel_mappings":[{"audio_channel_mapping":0,"id":"GKBT1QG5-CRP2-T84I-ECG7-2Q2EV94GCJKX","is_config_open":false,"type":"none"}],"speeds":[{"curve_speed":null,"id":"56DP5C2L-3QCL-93RM-44PF-X2DHCD3VT3Z4","mode":0,"speed":1,"type":"speed"}],"stickers":[],"tail_leaders":[],"text_templates":[],"texts":[],"time_marks":[],"transitions":[],"video_effects":[],"video_trackings":[],"videos":[{"aigc_history_id":"","aigc_item_id":"","aigc_type":"none","audio_fade":null,"beauty_body_preset_id":"","beauty_face_preset_infos":[],"cartoon_path":"","category_id":"","category_name":"","check_flag":63487,"crop":{"lower_left_x":0,"lower_left_y":1,"lower_right_x":1,"lower_right_y":1,"upper_left_x":0,"upper_left_y":0,"upper_right_x":1,"upper_right_y":0},"crop_ratio":"free","crop_scale":1,"duration":10800000000,"extra_type_option":0,"formula_id":"","freeze":null,"has_audio":false,"has_sound_separated":false,"height":540,"id":"BGE98SZD-VXCT-EVEV-ZT91-WWJKFJD5P1BT","intensifies_audio_path":"","intensifies_path":"","is_ai_generate_content":false,"is_copyright":false,"is_text_edit_overdub":false,"is_unified_beauty_mode":false,"local_id":"","local_material_from":"","local_material_id":"","material_id":"","material_name":"1730817897967-cover.jpg","material_url":"","matting":{"flag":0,"has_use_quick_brush":false,"has_use_quick_eraser":false,"interactiveTime":[],"path":"","strokes":[]},"media_path":"","multi_camera_info":null,"object_locked":null,"origin_material_id":"","path":"\/storage\/emulated\/0\/AAAAAAAA\/files\/tem_projects_root\/7418313217375489286320647136587891\/1730817897967-cover.jpg","picture_from":"none","picture_set_category_id":"","picture_set_category_name":"","request_id":"","reverse_intensifies_path":"","reverse_path":"","smart_match_info":null,"smart_motion":null,"source":0,"source_platform":0,"stable":{"matrix_path":"","stable_level":0,"time_range":{"duration":0,"start":0}},"team_id":"","type":"photo","video_algorithm":{"ai_background_configs":[],"aigc_generate":null,"algorithms":[],"complement_frame_config":null,"deflicker":null,"gameplay_configs":[],"motion_blur_config":null,"mouth_shape_driver":null,"noise_reduction":null,"path":"","quality_enhance":null,"smart_complement_frame":null,"super_resolution":null,"time_range":null},"width":304}],"vocal_beautifys":[],"vocal_separations":[{"choice":0,"id":"Y4DBXA8H-1S0I-2RSW-GCWG-JDO26Y9TSQAG","production_path":"","removed_sounds":[],"time_range":null,"type":"vocal_separation"}]},"mutable_config":null,"name":"YOUTUBE : @phzin0021x","new_version":"121.0.0","path":"","platform":{"app_id":3006,"app_source":"cc","app_version":"13.0.0","device_id":"","hard_disk_id":"","mac_address":"","os":"Android","os_version":"30"},"relationships":[],"render_index_track_mode_on":false,"retouch_cover":null,"source":"default","static_cover_image_path":"","time_marks":null,"tracks":[{"attribute":0,"flag":0,"id":"ETOW2C94-HQ3G-B07J-I0JG-9V44A9HBOECM","is_default_name":true,"name":"","segments":[{"caption_info":null,"cartoon":false,"clip":{"alpha":1,"flip":{"horizontal":false,"vertical":false},"rotation":0,"scale":{"x":1,"y":1},"transform":{"x":0,"y":0}},"common_keyframes":[],"desc":"","enable_adjust":true,"enable_adjust_mask":false,"enable_color_correct_adjust":false,"enable_color_curves":true,"enable_color_match_adjust":false,"enable_color_wheels":true,"enable_lut":true,"enable_smart_color_adjust":false,"extra_material_refs":["56DP5C2L-3QCL-93RM-44PF-X2DHCD3VT3Z4","ULO01APU-MNUQ-57AZ-IUYC-KQXXI6H0WPYJ","GKBT1QG5-CRP2-T84I-ECG7-2Q2EV94GCJKX","Y4DBXA8H-1S0I-2RSW-GCWG-JDO26Y9TSQAG"],"group_id":"","hdr_settings":{"intensity":1,"mode":1,"nits":1000},"id":"5EP5BCF3-R6FT-MR3F-UOEJ-XGLNOE2AZX3J","intensifies_audio":false,"is_placeholder":false,"is_tone_modify":false,"keyframe_refs":[],"last_nonzero_volume":1,"lyric_keyframes":null,"material_id":"BGE98SZD-VXCT-EVEV-ZT91-WWJKFJD5P1BT","raw_segment_id":"","render_index":0,"responsive_layout":{"enable":false,"horizontal_pos_layout":0,"size_layout":0,"target_follow":"","vertical_pos_layout":0},"reverse":false,"source_timerange":{"duration":3000000,"start":0},"speed":1,"target_timerange":{"duration":3000000,"start":0},"template_id":"","template_scene":"default","track_attribute":0,"track_render_index":0,"uniform_scale":{"on":true,"value":1},"visible":true,"volume":1}],"type":"video"}],"update_time":1730824796207,"version":360000}