{"editing_draft":{"ai_shorts_info":{"report_params":"","type":0},"edit_type":0,"eye_correct_enabled_multi_face_time":0,"has_adjusted_render_layer":false,"is_open_expand_player":false,"is_use_adjust":false,"is_use_edit_multi_camera":false,"is_use_lock_object":false,"is_use_loudness_unify":false,"is_use_retouch_face":false,"is_use_smart_adjust_color":false,"is_use_smart_motion":false,"is_use_text_to_audio":false,"profile_entrance_type":"","publish_enter_from":"","publish_type":"","single_function_type":0,"text_convert_case_types":[],"version":"1.0.0"}}
